"intercept","RMSE","Rsquared","MAE","RMSESD","RsquaredSD","MAESD"
TRUE,0.19829887038266,0.763550435575986,0.155133225138929,0.00132896893284363,0.00332569770159225,0.00103619932662463
